code,name,description
A000,"Cholera due to Vibrio cholerae 01, biovar cholerae","This condition is related to cholera due to vibrio cholerae 01, biovar cholerae."
A001,"Cholera due to Vibrio cholerae 01, biovar eltor","This condition is related to cholera due to vibrio cholerae 01, biovar eltor."
A009,"Cholera, unspecified","This condition is related to cholera, unspecified."
A0100,"Typhoid fever, unspecified","This condition is related to typhoid fever, unspecified."
A0101,Typhoid meningitis,This condition is related to typhoid meningitis.
A5706,Condition related to Hepatitis,This condition is related to condition related to hepatitis.
A2987,Condition related to Meningitis,This condition is related to condition related to meningitis.
A2401,Condition related to Influenza,This condition is related to condition related to influenza.
A3452,Condition related to Meningitis,This condition is related to condition related to meningitis.
A9342,Condition related to Meningitis,This condition is related to condition related to meningitis.
A4908,Condition related to Cholera,This condition is related to condition related to cholera.
A5461,Condition related to Cholera,This condition is related to condition related to cholera.
A2506,Condition related to Typhoid fever,This condition is related to condition related to typhoid fever.
A6802,Condition related to Meningitis,This condition is related to condition related to meningitis.
A3766,Condition related to Cholera,This condition is related to condition related to cholera.
A3287,Condition related to Hepatitis,This condition is related to condition related to hepatitis.
A1577,Condition related to Typhoid fever,This condition is related to condition related to typhoid fever.
A1814,Condition related to Meningitis,This condition is related to condition related to meningitis.
A4582,Condition related to Influenza,This condition is related to condition related to influenza.
A2635,Condition related to Meningitis,This condition is related to condition related to meningitis.
A8505,Condition related to Influenza,This condition is related to condition related to influenza.
A2918,Condition related to Influenza,This condition is related to condition related to influenza.
A3216,Condition related to Hepatitis,This condition is related to condition related to hepatitis.
A7553,Condition related to Meningitis,This condition is related to condition related to meningitis.
A9573,Condition related to Meningitis,This condition is related to condition related to meningitis.
A1941,Condition related to Hepatitis,This condition is related to condition related to hepatitis.
A8678,Condition related to Hepatitis,This condition is related to condition related to hepatitis.
A4232,Condition related to Cholera,This condition is related to condition related to cholera.
A2573,Condition related to Cholera,This condition is related to condition related to cholera.
A6114,Condition related to Meningitis,This condition is related to condition related to meningitis.
A6314,Condition related to Influenza,This condition is related to condition related to influenza.
A3395,Condition related to Typhoid fever,This condition is related to condition related to typhoid fever.
A5204,Condition related to Hepatitis,This condition is related to condition related to hepatitis.
A1394,Condition related to Influenza,This condition is related to condition related to influenza.
A6352,Condition related to Typhoid fever,This condition is related to condition related to typhoid fever.
A9942,Condition related to Influenza,This condition is related to condition related to influenza.
A1188,Condition related to Cholera,This condition is related to condition related to cholera.
A5247,Condition related to Cholera,This condition is related to condition related to cholera.
A3250,Condition related to Influenza,This condition is related to condition related to influenza.
A7557,Condition related to Cholera,This condition is related to condition related to cholera.
A4034,Condition related to Typhoid fever,This condition is related to condition related to typhoid fever.
A4273,Condition related to Hepatitis,This condition is related to condition related to hepatitis.
A5323,Condition related to Hepatitis,This condition is related to condition related to hepatitis.
A5278,Condition related to Influenza,This condition is related to condition related to influenza.
A2030,Condition related to Typhoid fever,This condition is related to condition related to typhoid fever.
A4507,Condition related to Meningitis,This condition is related to condition related to meningitis.
A1629,Condition related to Influenza,This condition is related to condition related to influenza.
A4308,Condition related to Cholera,This condition is related to condition related to cholera.
A3047,Condition related to Typhoid fever,This condition is related to condition related to typhoid fever.
A7823,Condition related to Meningitis,This condition is related to condition related to meningitis.
A8391,Condition related to Cholera,This condition is related to condition related to cholera.
A3399,Condition related to Typhoid fever,This condition is related to condition related to typhoid fever.
A6006,Condition related to Influenza,This condition is related to condition related to influenza.
A2358,Condition related to Cholera,This condition is related to condition related to cholera.
A6376,Condition related to Influenza,This condition is related to condition related to influenza.
A6252,Condition related to Influenza,This condition is related to condition related to influenza.
A8607,Condition related to Meningitis,This condition is related to condition related to meningitis.
A9697,Condition related to Hepatitis,This condition is related to condition related to hepatitis.
A4221,Condition related to Hepatitis,This condition is related to condition related to hepatitis.
A8443,Condition related to Meningitis,This condition is related to condition related to meningitis.
A3868,Condition related to Influenza,This condition is related to condition related to influenza.
A4126,Condition related to Influenza,This condition is related to condition related to influenza.
A5713,Condition related to Meningitis,This condition is related to condition related to meningitis.
A5951,Condition related to Influenza,This condition is related to condition related to influenza.
A1206,Condition related to Typhoid fever,This condition is related to condition related to typhoid fever.
A3295,Condition related to Cholera,This condition is related to condition related to cholera.
A3112,Condition related to Hepatitis,This condition is related to condition related to hepatitis.
A6271,Condition related to Hepatitis,This condition is related to condition related to hepatitis.
A1106,Condition related to Influenza,This condition is related to condition related to influenza.
A8280,Condition related to Meningitis,This condition is related to condition related to meningitis.
A7931,Condition related to Typhoid fever,This condition is related to condition related to typhoid fever.
A6276,Condition related to Typhoid fever,This condition is related to condition related to typhoid fever.
A1598,Condition related to Meningitis,This condition is related to condition related to meningitis.
A1958,Condition related to Meningitis,This condition is related to condition related to meningitis.
A4244,Condition related to Hepatitis,This condition is related to condition related to hepatitis.
A2139,Condition related to Meningitis,This condition is related to condition related to meningitis.
A4583,Condition related to Cholera,This condition is related to condition related to cholera.
A5448,Condition related to Typhoid fever,This condition is related to condition related to typhoid fever.
A6575,Condition related to Cholera,This condition is related to condition related to cholera.
A1046,Condition related to Meningitis,This condition is related to condition related to meningitis.
A1561,Condition related to Influenza,This condition is related to condition related to influenza.
A9567,Condition related to Meningitis,This condition is related to condition related to meningitis.
A3992,Condition related to Hepatitis,This condition is related to condition related to hepatitis.
A4436,Condition related to Influenza,This condition is related to condition related to influenza.
A4377,Condition related to Hepatitis,This condition is related to condition related to hepatitis.
A7550,Condition related to Typhoid fever,This condition is related to condition related to typhoid fever.
A5593,Condition related to Hepatitis,This condition is related to condition related to hepatitis.
A1504,Condition related to Typhoid fever,This condition is related to condition related to typhoid fever.
A6650,Condition related to Meningitis,This condition is related to condition related to meningitis.
A3182,Condition related to Cholera,This condition is related to condition related to cholera.
A8056,Condition related to Influenza,This condition is related to condition related to influenza.
A5975,Condition related to Influenza,This condition is related to condition related to influenza.
A7467,Condition related to Cholera,This condition is related to condition related to cholera.
A8291,Condition related to Influenza,This condition is related to condition related to influenza.
A3898,Condition related to Typhoid fever,This condition is related to condition related to typhoid fever.
A6582,Condition related to Influenza,This condition is related to condition related to influenza.
A6845,Condition related to Influenza,This condition is related to condition related to influenza.
A8777,Condition related to Hepatitis,This condition is related to condition related to hepatitis.
A4400,Condition related to Hepatitis,This condition is related to condition related to hepatitis.
A5024,Condition related to Typhoid fever,This condition is related to condition related to typhoid fever.
A8743,Condition related to Cholera,This condition is related to condition related to cholera.
A3580,Condition related to Hepatitis,This condition is related to condition related to hepatitis.
A5995,Condition related to Typhoid fever,This condition is related to condition related to typhoid fever.
A4350,Condition related to Meningitis,This condition is related to condition related to meningitis.
A6073,Condition related to Typhoid fever,This condition is related to condition related to typhoid fever.
A8020,Condition related to Meningitis,This condition is related to condition related to meningitis.
A3970,Condition related to Influenza,This condition is related to condition related to influenza.
A6933,Condition related to Hepatitis,This condition is related to condition related to hepatitis.
A5157,Condition related to Meningitis,This condition is related to condition related to meningitis.
A5492,Condition related to Meningitis,This condition is related to condition related to meningitis.
A6366,Condition related to Meningitis,This condition is related to condition related to meningitis.
A5376,Condition related to Meningitis,This condition is related to condition related to meningitis.
A1519,Condition related to Influenza,This condition is related to condition related to influenza.
A8231,Condition related to Cholera,This condition is related to condition related to cholera.
A3642,Condition related to Typhoid fever,This condition is related to condition related to typhoid fever.
A7511,Condition related to Influenza,This condition is related to condition related to influenza.
A7755,Condition related to Hepatitis,This condition is related to condition related to hepatitis.
A1824,Condition related to Typhoid fever,This condition is related to condition related to typhoid fever.
A2860,Condition related to Influenza,This condition is related to condition related to influenza.
A7591,Condition related to Typhoid fever,This condition is related to condition related to typhoid fever.
A7624,Condition related to Meningitis,This condition is related to condition related to meningitis.
A5087,Condition related to Meningitis,This condition is related to condition related to meningitis.
A8660,Condition related to Typhoid fever,This condition is related to condition related to typhoid fever.
A4356,Condition related to Typhoid fever,This condition is related to condition related to typhoid fever.
A7192,Condition related to Meningitis,This condition is related to condition related to meningitis.
A6959,Condition related to Typhoid fever,This condition is related to condition related to typhoid fever.
A5687,Condition related to Cholera,This condition is related to condition related to cholera.
A3904,Condition related to Typhoid fever,This condition is related to condition related to typhoid fever.
A9897,Condition related to Meningitis,This condition is related to condition related to meningitis.
A2218,Condition related to Meningitis,This condition is related to condition related to meningitis.
A5978,Condition related to Influenza,This condition is related to condition related to influenza.
A1243,Condition related to Typhoid fever,This condition is related to condition related to typhoid fever.
A9542,Condition related to Hepatitis,This condition is related to condition related to hepatitis.
A6272,Condition related to Cholera,This condition is related to condition related to cholera.
A1018,Condition related to Influenza,This condition is related to condition related to influenza.
A6380,Condition related to Typhoid fever,This condition is related to condition related to typhoid fever.
A1666,Condition related to Cholera,This condition is related to condition related to cholera.
A4831,Condition related to Hepatitis,This condition is related to condition related to hepatitis.
A4371,Condition related to Influenza,This condition is related to condition related to influenza.
A4814,Condition related to Typhoid fever,This condition is related to condition related to typhoid fever.
A7190,Condition related to Hepatitis,This condition is related to condition related to hepatitis.
A6665,Condition related to Hepatitis,This condition is related to condition related to hepatitis.
A5033,Condition related to Cholera,This condition is related to condition related to cholera.
A1692,Condition related to Hepatitis,This condition is related to condition related to hepatitis.
A7522,Condition related to Hepatitis,This condition is related to condition related to hepatitis.
A3977,Condition related to Cholera,This condition is related to condition related to cholera.
A5774,Condition related to Typhoid fever,This condition is related to condition related to typhoid fever.
A1392,Condition related to Typhoid fever,This condition is related to condition related to typhoid fever.
A4893,Condition related to Hepatitis,This condition is related to condition related to hepatitis.
A8779,Condition related to Influenza,This condition is related to condition related to influenza.
A9754,Condition related to Typhoid fever,This condition is related to condition related to typhoid fever.
A6394,Condition related to Influenza,This condition is related to condition related to influenza.
A8602,Condition related to Influenza,This condition is related to condition related to influenza.
A2942,Condition related to Hepatitis,This condition is related to condition related to hepatitis.
A4088,Condition related to Hepatitis,This condition is related to condition related to hepatitis.
A2979,Condition related to Meningitis,This condition is related to condition related to meningitis.
A8965,Condition related to Hepatitis,This condition is related to condition related to hepatitis.
A6902,Condition related to Meningitis,This condition is related to condition related to meningitis.
A5561,Condition related to Meningitis,This condition is related to condition related to meningitis.
A2431,Condition related to Influenza,This condition is related to condition related to influenza.
A4326,Condition related to Influenza,This condition is related to condition related to influenza.
A4471,Condition related to Hepatitis,This condition is related to condition related to hepatitis.
A8421,Condition related to Typhoid fever,This condition is related to condition related to typhoid fever.
A8146,Condition related to Hepatitis,This condition is related to condition related to hepatitis.
A2871,Condition related to Meningitis,This condition is related to condition related to meningitis.
A6310,Condition related to Typhoid fever,This condition is related to condition related to typhoid fever.
A4347,Condition related to Hepatitis,This condition is related to condition related to hepatitis.
A5382,Condition related to Influenza,This condition is related to condition related to influenza.
A7582,Condition related to Meningitis,This condition is related to condition related to meningitis.
A9839,Condition related to Meningitis,This condition is related to condition related to meningitis.
A8027,Condition related to Typhoid fever,This condition is related to condition related to typhoid fever.
A9478,Condition related to Meningitis,This condition is related to condition related to meningitis.
A5808,Condition related to Influenza,This condition is related to condition related to influenza.
A3827,Condition related to Hepatitis,This condition is related to condition related to hepatitis.
A4910,Condition related to Hepatitis,This condition is related to condition related to hepatitis.
A7193,Condition related to Cholera,This condition is related to condition related to cholera.
A9253,Condition related to Hepatitis,This condition is related to condition related to hepatitis.
A3504,Condition related to Typhoid fever,This condition is related to condition related to typhoid fever.
A7555,Condition related to Hepatitis,This condition is related to condition related to hepatitis.
A1851,Condition related to Influenza,This condition is related to condition related to influenza.
A8349,Condition related to Influenza,This condition is related to condition related to influenza.
A7131,Condition related to Meningitis,This condition is related to condition related to meningitis.
A2658,Condition related to Influenza,This condition is related to condition related to influenza.
A8377,Condition related to Cholera,This condition is related to condition related to cholera.
A7231,Condition related to Meningitis,This condition is related to condition related to meningitis.
A4428,Condition related to Influenza,This condition is related to condition related to influenza.
A1766,Condition related to Hepatitis,This condition is related to condition related to hepatitis.
A9819,Condition related to Cholera,This condition is related to condition related to cholera.
A5229,Condition related to Hepatitis,This condition is related to condition related to hepatitis.
A7621,Condition related to Meningitis,This condition is related to condition related to meningitis.
A7113,Condition related to Influenza,This condition is related to condition related to influenza.
A8469,Condition related to Influenza,This condition is related to condition related to influenza.
A5373,Condition related to Cholera,This condition is related to condition related to cholera.
A4555,Condition related to Hepatitis,This condition is related to condition related to hepatitis.
A6260,Condition related to Hepatitis,This condition is related to condition related to hepatitis.
A7415,Condition related to Influenza,This condition is related to condition related to influenza.
A7735,Condition related to Influenza,This condition is related to condition related to influenza.
A1190,Condition related to Cholera,This condition is related to condition related to cholera.
A5549,Condition related to Hepatitis,This condition is related to condition related to hepatitis.
A7390,Condition related to Cholera,This condition is related to condition related to cholera.
A8235,Condition related to Meningitis,This condition is related to condition related to meningitis.
A4250,Condition related to Influenza,This condition is related to condition related to influenza.
A1777,Condition related to Typhoid fever,This condition is related to condition related to typhoid fever.
A6144,Condition related to Meningitis,This condition is related to condition related to meningitis.
A7418,Condition related to Hepatitis,This condition is related to condition related to hepatitis.
A6510,Condition related to Typhoid fever,This condition is related to condition related to typhoid fever.
A6064,Condition related to Influenza,This condition is related to condition related to influenza.
A6293,Condition related to Meningitis,This condition is related to condition related to meningitis.
A7234,Condition related to Cholera,This condition is related to condition related to cholera.
A3639,Condition related to Influenza,This condition is related to condition related to influenza.
A6747,Condition related to Hepatitis,This condition is related to condition related to hepatitis.
A9980,Condition related to Hepatitis,This condition is related to condition related to hepatitis.
A9513,Condition related to Cholera,This condition is related to condition related to cholera.
A1050,Condition related to Typhoid fever,This condition is related to condition related to typhoid fever.
A8548,Condition related to Typhoid fever,This condition is related to condition related to typhoid fever.
A1370,Condition related to Meningitis,This condition is related to condition related to meningitis.
A5411,Condition related to Influenza,This condition is related to condition related to influenza.
A5521,Condition related to Hepatitis,This condition is related to condition related to hepatitis.
A4676,Condition related to Cholera,This condition is related to condition related to cholera.
A8008,Condition related to Typhoid fever,This condition is related to condition related to typhoid fever.
A8153,Condition related to Cholera,This condition is related to condition related to cholera.
A3510,Condition related to Hepatitis,This condition is related to condition related to hepatitis.
A9069,Condition related to Meningitis,This condition is related to condition related to meningitis.
A8249,Condition related to Meningitis,This condition is related to condition related to meningitis.
A4415,Condition related to Typhoid fever,This condition is related to condition related to typhoid fever.
A9189,Condition related to Meningitis,This condition is related to condition related to meningitis.
A3353,Condition related to Hepatitis,This condition is related to condition related to hepatitis.
A5011,Condition related to Cholera,This condition is related to condition related to cholera.
A4034,Condition related to Influenza,This condition is related to condition related to influenza.
A5892,Condition related to Meningitis,This condition is related to condition related to meningitis.
A7347,Condition related to Influenza,This condition is related to condition related to influenza.
A7307,Condition related to Typhoid fever,This condition is related to condition related to typhoid fever.
A3973,Condition related to Influenza,This condition is related to condition related to influenza.
A8105,Condition related to Hepatitis,This condition is related to condition related to hepatitis.
A7599,Condition related to Typhoid fever,This condition is related to condition related to typhoid fever.
A2385,Condition related to Meningitis,This condition is related to condition related to meningitis.
A5990,Condition related to Cholera,This condition is related to condition related to cholera.
A8250,Condition related to Hepatitis,This condition is related to condition related to hepatitis.
A9830,Condition related to Meningitis,This condition is related to condition related to meningitis.
A1407,Condition related to Hepatitis,This condition is related to condition related to hepatitis.
A2706,Condition related to Meningitis,This condition is related to condition related to meningitis.
A3495,Condition related to Hepatitis,This condition is related to condition related to hepatitis.
A9269,Condition related to Influenza,This condition is related to condition related to influenza.
A9349,Condition related to Typhoid fever,This condition is related to condition related to typhoid fever.
A9849,Condition related to Hepatitis,This condition is related to condition related to hepatitis.
A9776,Condition related to Cholera,This condition is related to condition related to cholera.
A1214,Condition related to Influenza,This condition is related to condition related to influenza.
A8812,Condition related to Hepatitis,This condition is related to condition related to hepatitis.
A8812,Condition related to Typhoid fever,This condition is related to condition related to typhoid fever.
A7633,Condition related to Influenza,This condition is related to condition related to influenza.
A6334,Condition related to Influenza,This condition is related to condition related to influenza.
A6657,Condition related to Typhoid fever,This condition is related to condition related to typhoid fever.
A5331,Condition related to Typhoid fever,This condition is related to condition related to typhoid fever.
A2107,Condition related to Influenza,This condition is related to condition related to influenza.
A6761,Condition related to Influenza,This condition is related to condition related to influenza.
A9289,Condition related to Meningitis,This condition is related to condition related to meningitis.
A9991,Condition related to Typhoid fever,This condition is related to condition related to typhoid fever.
A9206,Condition related to Cholera,This condition is related to condition related to cholera.
A4303,Condition related to Cholera,This condition is related to condition related to cholera.
A1700,Condition related to Influenza,This condition is related to condition related to influenza.
A4603,Condition related to Typhoid fever,This condition is related to condition related to typhoid fever.
A6607,Condition related to Hepatitis,This condition is related to condition related to hepatitis.
A6786,Condition related to Typhoid fever,This condition is related to condition related to typhoid fever.
A6347,Condition related to Influenza,This condition is related to condition related to influenza.
A6043,Condition related to Meningitis,This condition is related to condition related to meningitis.
A9324,Condition related to Hepatitis,This condition is related to condition related to hepatitis.
A2327,Condition related to Meningitis,This condition is related to condition related to meningitis.
A7184,Condition related to Typhoid fever,This condition is related to condition related to typhoid fever.
A1174,Condition related to Cholera,This condition is related to condition related to cholera.
A1859,Condition related to Hepatitis,This condition is related to condition related to hepatitis.
A8101,Condition related to Cholera,This condition is related to condition related to cholera.
A6300,Condition related to Influenza,This condition is related to condition related to influenza.
A3575,Condition related to Cholera,This condition is related to condition related to cholera.
A1373,Condition related to Influenza,This condition is related to condition related to influenza.
A4232,Condition related to Meningitis,This condition is related to condition related to meningitis.
A7656,Condition related to Meningitis,This condition is related to condition related to meningitis.
A8717,Condition related to Meningitis,This condition is related to condition related to meningitis.
A9835,Condition related to Meningitis,This condition is related to condition related to meningitis.
A2678,Condition related to Cholera,This condition is related to condition related to cholera.
A4677,Condition related to Cholera,This condition is related to condition related to cholera.
A5769,Condition related to Meningitis,This condition is related to condition related to meningitis.
A3607,Condition related to Typhoid fever,This condition is related to condition related to typhoid fever.
A8990,Condition related to Meningitis,This condition is related to condition related to meningitis.
A4794,Condition related to Influenza,This condition is related to condition related to influenza.
A4395,Condition related to Influenza,This condition is related to condition related to influenza.
A4631,Condition related to Hepatitis,This condition is related to condition related to hepatitis.
A2294,Condition related to Meningitis,This condition is related to condition related to meningitis.
A1712,Condition related to Cholera,This condition is related to condition related to cholera.
A6099,Condition related to Typhoid fever,This condition is related to condition related to typhoid fever.
A1726,Condition related to Typhoid fever,This condition is related to condition related to typhoid fever.
A3857,Condition related to Meningitis,This condition is related to condition related to meningitis.
A4731,Condition related to Hepatitis,This condition is related to condition related to hepatitis.
A5018,Condition related to Hepatitis,This condition is related to condition related to hepatitis.
A2243,Condition related to Hepatitis,This condition is related to condition related to hepatitis.
A9263,Condition related to Cholera,This condition is related to condition related to cholera.
A7111,Condition related to Cholera,This condition is related to condition related to cholera.
A6740,Condition related to Meningitis,This condition is related to condition related to meningitis.
A2584,Condition related to Cholera,This condition is related to condition related to cholera.
A5555,Condition related to Typhoid fever,This condition is related to condition related to typhoid fever.
A1925,Condition related to Hepatitis,This condition is related to condition related to hepatitis.
A9729,Condition related to Typhoid fever,This condition is related to condition related to typhoid fever.
A8894,Condition related to Cholera,This condition is related to condition related to cholera.
A7451,Condition related to Meningitis,This condition is related to condition related to meningitis.
A6898,Condition related to Hepatitis,This condition is related to condition related to hepatitis.
A8244,Condition related to Cholera,This condition is related to condition related to cholera.
A1355,Condition related to Typhoid fever,This condition is related to condition related to typhoid fever.
A7573,Condition related to Cholera,This condition is related to condition related to cholera.
A2292,Condition related to Influenza,This condition is related to condition related to influenza.
A6958,Condition related to Meningitis,This condition is related to condition related to meningitis.
A4532,Condition related to Cholera,This condition is related to condition related to cholera.
A8865,Condition related to Hepatitis,This condition is related to condition related to hepatitis.
A3445,Condition related to Hepatitis,This condition is related to condition related to hepatitis.
A1243,Condition related to Typhoid fever,This condition is related to condition related to typhoid fever.
A9963,Condition related to Hepatitis,This condition is related to condition related to hepatitis.
A2490,Condition related to Typhoid fever,This condition is related to condition related to typhoid fever.
A8019,Condition related to Cholera,This condition is related to condition related to cholera.
A9447,Condition related to Meningitis,This condition is related to condition related to meningitis.
A4708,Condition related to Influenza,This condition is related to condition related to influenza.
A5080,Condition related to Meningitis,This condition is related to condition related to meningitis.
A1912,Condition related to Meningitis,This condition is related to condition related to meningitis.
A7535,Condition related to Typhoid fever,This condition is related to condition related to typhoid fever.
A4571,Condition related to Influenza,This condition is related to condition related to influenza.
A7396,Condition related to Meningitis,This condition is related to condition related to meningitis.
A6392,Condition related to Typhoid fever,This condition is related to condition related to typhoid fever.
A4091,Condition related to Typhoid fever,This condition is related to condition related to typhoid fever.
A5980,Condition related to Typhoid fever,This condition is related to condition related to typhoid fever.
A3543,Condition related to Meningitis,This condition is related to condition related to meningitis.
A9097,Condition related to Cholera,This condition is related to condition related to cholera.
A8250,Condition related to Hepatitis,This condition is related to condition related to hepatitis.
A9888,Condition related to Influenza,This condition is related to condition related to influenza.
A3845,Condition related to Typhoid fever,This condition is related to condition related to typhoid fever.
A1303,Condition related to Typhoid fever,This condition is related to condition related to typhoid fever.
A5281,Condition related to Influenza,This condition is related to condition related to influenza.
A4668,Condition related to Hepatitis,This condition is related to condition related to hepatitis.
A9929,Condition related to Hepatitis,This condition is related to condition related to hepatitis.
A8324,Condition related to Hepatitis,This condition is related to condition related to hepatitis.
A4057,Condition related to Hepatitis,This condition is related to condition related to hepatitis.
A1514,Condition related to Hepatitis,This condition is related to condition related to hepatitis.
A8190,Condition related to Influenza,This condition is related to condition related to influenza.
A7041,Condition related to Influenza,This condition is related to condition related to influenza.
A8956,Condition related to Hepatitis,This condition is related to condition related to hepatitis.
A2411,Condition related to Influenza,This condition is related to condition related to influenza.
A5843,Condition related to Cholera,This condition is related to condition related to cholera.
A2468,Condition related to Hepatitis,This condition is related to condition related to hepatitis.
A6174,Condition related to Hepatitis,This condition is related to condition related to hepatitis.
A6266,Condition related to Meningitis,This condition is related to condition related to meningitis.
A1244,Condition related to Cholera,This condition is related to condition related to cholera.
A3906,Condition related to Typhoid fever,This condition is related to condition related to typhoid fever.
A4753,Condition related to Typhoid fever,This condition is related to condition related to typhoid fever.
A1471,Condition related to Meningitis,This condition is related to condition related to meningitis.
A8441,Condition related to Hepatitis,This condition is related to condition related to hepatitis.
A7590,Condition related to Typhoid fever,This condition is related to condition related to typhoid fever.
A4734,Condition related to Meningitis,This condition is related to condition related to meningitis.
A5504,Condition related to Hepatitis,This condition is related to condition related to hepatitis.
A9923,Condition related to Influenza,This condition is related to condition related to influenza.
A1299,Condition related to Typhoid fever,This condition is related to condition related to typhoid fever.
A7177,Condition related to Meningitis,This condition is related to condition related to meningitis.
A1916,Condition related to Influenza,This condition is related to condition related to influenza.
A6906,Condition related to Influenza,This condition is related to condition related to influenza.
A7728,Condition related to Cholera,This condition is related to condition related to cholera.
A3865,Condition related to Typhoid fever,This condition is related to condition related to typhoid fever.
A5987,Condition related to Hepatitis,This condition is related to condition related to hepatitis.
A8185,Condition related to Typhoid fever,This condition is related to condition related to typhoid fever.
A1090,Condition related to Typhoid fever,This condition is related to condition related to typhoid fever.
A1039,Condition related to Typhoid fever,This condition is related to condition related to typhoid fever.
A6078,Condition related to Cholera,This condition is related to condition related to cholera.
A6472,Condition related to Typhoid fever,This condition is related to condition related to typhoid fever.
A5675,Condition related to Cholera,This condition is related to condition related to cholera.
A7406,Condition related to Cholera,This condition is related to condition related to cholera.
A5713,Condition related to Meningitis,This condition is related to condition related to meningitis.
A4449,Condition related to Hepatitis,This condition is related to condition related to hepatitis.
A6636,Condition related to Typhoid fever,This condition is related to condition related to typhoid fever.
A1455,Condition related to Influenza,This condition is related to condition related to influenza.
A4028,Condition related to Hepatitis,This condition is related to condition related to hepatitis.
A2736,Condition related to Cholera,This condition is related to condition related to cholera.
A5625,Condition related to Typhoid fever,This condition is related to condition related to typhoid fever.
A9858,Condition related to Meningitis,This condition is related to condition related to meningitis.
A7073,Condition related to Influenza,This condition is related to condition related to influenza.
A9243,Condition related to Cholera,This condition is related to condition related to cholera.
A7271,Condition related to Typhoid fever,This condition is related to condition related to typhoid fever.
A1901,Condition related to Meningitis,This condition is related to condition related to meningitis.
A4139,Condition related to Meningitis,This condition is related to condition related to meningitis.
A3388,Condition related to Cholera,This condition is related to condition related to cholera.
A7444,Condition related to Influenza,This condition is related to condition related to influenza.
A5694,Condition related to Cholera,This condition is related to condition related to cholera.
A6449,Condition related to Typhoid fever,This condition is related to condition related to typhoid fever.
A9039,Condition related to Hepatitis,This condition is related to condition related to hepatitis.
A6109,Condition related to Meningitis,This condition is related to condition related to meningitis.
A8058,Condition related to Cholera,This condition is related to condition related to cholera.
A4843,Condition related to Influenza,This condition is related to condition related to influenza.
A9072,Condition related to Hepatitis,This condition is related to condition related to hepatitis.
A8011,Condition related to Meningitis,This condition is related to condition related to meningitis.
A7074,Condition related to Typhoid fever,This condition is related to condition related to typhoid fever.
A3999,Condition related to Meningitis,This condition is related to condition related to meningitis.
A3558,Condition related to Typhoid fever,This condition is related to condition related to typhoid fever.
A1179,Condition related to Meningitis,This condition is related to condition related to meningitis.
A8746,Condition related to Cholera,This condition is related to condition related to cholera.
A4203,Condition related to Hepatitis,This condition is related to condition related to hepatitis.
A6032,Condition related to Influenza,This condition is related to condition related to influenza.
A8640,Condition related to Meningitis,This condition is related to condition related to meningitis.
A2740,Condition related to Typhoid fever,This condition is related to condition related to typhoid fever.
A2142,Condition related to Meningitis,This condition is related to condition related to meningitis.
A9173,Condition related to Influenza,This condition is related to condition related to influenza.
A3698,Condition related to Hepatitis,This condition is related to condition related to hepatitis.
A3722,Condition related to Cholera,This condition is related to condition related to cholera.
A4274,Condition related to Cholera,This condition is related to condition related to cholera.
A5665,Condition related to Typhoid fever,This condition is related to condition related to typhoid fever.
A4848,Condition related to Hepatitis,This condition is related to condition related to hepatitis.
A5039,Condition related to Hepatitis,This condition is related to condition related to hepatitis.
A6598,Condition related to Cholera,This condition is related to condition related to cholera.
A7650,Condition related to Meningitis,This condition is related to condition related to meningitis.
A5896,Condition related to Influenza,This condition is related to condition related to influenza.
A3929,Condition related to Hepatitis,This condition is related to condition related to hepatitis.
A9530,Condition related to Cholera,This condition is related to condition related to cholera.
A7710,Condition related to Typhoid fever,This condition is related to condition related to typhoid fever.
A7033,Condition related to Cholera,This condition is related to condition related to cholera.
A8367,Condition related to Influenza,This condition is related to condition related to influenza.
A7201,Condition related to Cholera,This condition is related to condition related to cholera.
A8265,Condition related to Meningitis,This condition is related to condition related to meningitis.
A5908,Condition related to Influenza,This condition is related to condition related to influenza.
A7455,Condition related to Influenza,This condition is related to condition related to influenza.
A3606,Condition related to Influenza,This condition is related to condition related to influenza.
A3638,Condition related to Hepatitis,This condition is related to condition related to hepatitis.
A7215,Condition related to Influenza,This condition is related to condition related to influenza.
A8168,Condition related to Meningitis,This condition is related to condition related to meningitis.
A1908,Condition related to Influenza,This condition is related to condition related to influenza.
A6556,Condition related to Typhoid fever,This condition is related to condition related to typhoid fever.
A2709,Condition related to Meningitis,This condition is related to condition related to meningitis.
A1397,Condition related to Influenza,This condition is related to condition related to influenza.
A7220,Condition related to Typhoid fever,This condition is related to condition related to typhoid fever.
A7677,Condition related to Cholera,This condition is related to condition related to cholera.
A3676,Condition related to Typhoid fever,This condition is related to condition related to typhoid fever.
A5700,Condition related to Hepatitis,This condition is related to condition related to hepatitis.
A3652,Condition related to Typhoid fever,This condition is related to condition related to typhoid fever.
A5543,Condition related to Meningitis,This condition is related to condition related to meningitis.
A4826,Condition related to Typhoid fever,This condition is related to condition related to typhoid fever.
A6672,Condition related to Influenza,This condition is related to condition related to influenza.
A3588,Condition related to Meningitis,This condition is related to condition related to meningitis.
A7149,Condition related to Influenza,This condition is related to condition related to influenza.
A3086,Condition related to Influenza,This condition is related to condition related to influenza.
A9222,Condition related to Influenza,This condition is related to condition related to influenza.
A1862,Condition related to Influenza,This condition is related to condition related to influenza.
A6360,Condition related to Typhoid fever,This condition is related to condition related to typhoid fever.
A6229,Condition related to Influenza,This condition is related to condition related to influenza.
A3588,Condition related to Meningitis,This condition is related to condition related to meningitis.
A1149,Condition related to Typhoid fever,This condition is related to condition related to typhoid fever.
A7110,Condition related to Typhoid fever,This condition is related to condition related to typhoid fever.
A7754,Condition related to Cholera,This condition is related to condition related to cholera.
A7884,Condition related to Typhoid fever,This condition is related to condition related to typhoid fever.
A1829,Condition related to Typhoid fever,This condition is related to condition related to typhoid fever.
A2123,Condition related to Typhoid fever,This condition is related to condition related to typhoid fever.
A6401,Condition related to Hepatitis,This condition is related to condition related to hepatitis.
A2965,Condition related to Meningitis,This condition is related to condition related to meningitis.
A9176,Condition related to Cholera,This condition is related to condition related to cholera.
A7120,Condition related to Typhoid fever,This condition is related to condition related to typhoid fever.
A4096,Condition related to Influenza,This condition is related to condition related to influenza.
A9710,Condition related to Influenza,This condition is related to condition related to influenza.
A1600,Condition related to Typhoid fever,This condition is related to condition related to typhoid fever.
A9122,Condition related to Cholera,This condition is related to condition related to cholera.
A1105,Condition related to Influenza,This condition is related to condition related to influenza.
A5728,Condition related to Cholera,This condition is related to condition related to cholera.
A6312,Condition related to Typhoid fever,This condition is related to condition related to typhoid fever.
A7799,Condition related to Typhoid fever,This condition is related to condition related to typhoid fever.
A2987,Condition related to Typhoid fever,This condition is related to condition related to typhoid fever.
A8199,Condition related to Cholera,This condition is related to condition related to cholera.
A3292,Condition related to Meningitis,This condition is related to condition related to meningitis.
A5532,Condition related to Typhoid fever,This condition is related to condition related to typhoid fever.
A3354,Condition related to Hepatitis,This condition is related to condition related to hepatitis.
A8643,Condition related to Cholera,This condition is related to condition related to cholera.
A4269,Condition related to Typhoid fever,This condition is related to condition related to typhoid fever.
A1766,Condition related to Cholera,This condition is related to condition related to cholera.
A6601,Condition related to Hepatitis,This condition is related to condition related to hepatitis.
A9159,Condition related to Hepatitis,This condition is related to condition related to hepatitis.
A5817,Condition related to Meningitis,This condition is related to condition related to meningitis.
A7747,Condition related to Typhoid fever,This condition is related to condition related to typhoid fever.
A9416,Condition related to Influenza,This condition is related to condition related to influenza.
A9998,Condition related to Influenza,This condition is related to condition related to influenza.
A9593,Condition related to Meningitis,This condition is related to condition related to meningitis.
A8899,Condition related to Influenza,This condition is related to condition related to influenza.
A2532,Condition related to Typhoid fever,This condition is related to condition related to typhoid fever.
A5889,Condition related to Typhoid fever,This condition is related to condition related to typhoid fever.
A3945,Condition related to Cholera,This condition is related to condition related to cholera.
A7105,Condition related to Cholera,This condition is related to condition related to cholera.
A1095,Condition related to Cholera,This condition is related to condition related to cholera.
A4845,Condition related to Influenza,This condition is related to condition related to influenza.
A7366,Condition related to Cholera,This condition is related to condition related to cholera.
A6900,Condition related to Cholera,This condition is related to condition related to cholera.
A8170,Condition related to Meningitis,This condition is related to condition related to meningitis.
A3908,Condition related to Hepatitis,This condition is related to condition related to hepatitis.
A7600,Condition related to Meningitis,This condition is related to condition related to meningitis.
A8683,Condition related to Influenza,This condition is related to condition related to influenza.
A1299,Condition related to Influenza,This condition is related to condition related to influenza.
A4369,Condition related to Cholera,This condition is related to condition related to cholera.
A7876,Condition related to Typhoid fever,This condition is related to condition related to typhoid fever.
A2538,Condition related to Influenza,This condition is related to condition related to influenza.
A9107,Condition related to Typhoid fever,This condition is related to condition related to typhoid fever.
A4806,Condition related to Typhoid fever,This condition is related to condition related to typhoid fever.
A3382,Condition related to Cholera,This condition is related to condition related to cholera.
A8815,Condition related to Meningitis,This condition is related to condition related to meningitis.
A3055,Condition related to Influenza,This condition is related to condition related to influenza.
A8174,Condition related to Hepatitis,This condition is related to condition related to hepatitis.
A3443,Condition related to Cholera,This condition is related to condition related to cholera.
A2762,Condition related to Cholera,This condition is related to condition related to cholera.
A2059,Condition related to Hepatitis,This condition is related to condition related to hepatitis.
A9991,Condition related to Meningitis,This condition is related to condition related to meningitis.
A2623,Condition related to Hepatitis,This condition is related to condition related to hepatitis.
A7275,Condition related to Typhoid fever,This condition is related to condition related to typhoid fever.
A9799,Condition related to Hepatitis,This condition is related to condition related to hepatitis.
A3466,Condition related to Meningitis,This condition is related to condition related to meningitis.
A1843,Condition related to Hepatitis,This condition is related to condition related to hepatitis.
A2198,Condition related to Typhoid fever,This condition is related to condition related to typhoid fever.
A7690,Condition related to Cholera,This condition is related to condition related to cholera.
A7584,Condition related to Meningitis,This condition is related to condition related to meningitis.
A3490,Condition related to Meningitis,This condition is related to condition related to meningitis.
A9088,Condition related to Cholera,This condition is related to condition related to cholera.
A2659,Condition related to Hepatitis,This condition is related to condition related to hepatitis.
A3156,Condition related to Hepatitis,This condition is related to condition related to hepatitis.
A3529,Condition related to Meningitis,This condition is related to condition related to meningitis.
A8718,Condition related to Cholera,This condition is related to condition related to cholera.
A4840,Condition related to Typhoid fever,This condition is related to condition related to typhoid fever.
A7434,Condition related to Influenza,This condition is related to condition related to influenza.
A2544,Condition related to Typhoid fever,This condition is related to condition related to typhoid fever.
A7787,Condition related to Typhoid fever,This condition is related to condition related to typhoid fever.
A1053,Condition related to Hepatitis,This condition is related to condition related to hepatitis.
A3779,Condition related to Typhoid fever,This condition is related to condition related to typhoid fever.
A1541,Condition related to Influenza,This condition is related to condition related to influenza.
A6357,Condition related to Cholera,This condition is related to condition related to cholera.
A8966,Condition related to Typhoid fever,This condition is related to condition related to typhoid fever.
A2134,Condition related to Typhoid fever,This condition is related to condition related to typhoid fever.
A9799,Condition related to Typhoid fever,This condition is related to condition related to typhoid fever.
A6922,Condition related to Meningitis,This condition is related to condition related to meningitis.
A6168,Condition related to Cholera,This condition is related to condition related to cholera.
A2036,Condition related to Cholera,This condition is related to condition related to cholera.
A9787,Condition related to Typhoid fever,This condition is related to condition related to typhoid fever.
A3926,Condition related to Hepatitis,This condition is related to condition related to hepatitis.
A2115,Condition related to Meningitis,This condition is related to condition related to meningitis.
A9335,Condition related to Meningitis,This condition is related to condition related to meningitis.
A5556,Condition related to Hepatitis,This condition is related to condition related to hepatitis.
A1951,Condition related to Influenza,This condition is related to condition related to influenza.
A1234,Condition related to Meningitis,This condition is related to condition related to meningitis.
A7356,Condition related to Meningitis,This condition is related to condition related to meningitis.
A9712,Condition related to Typhoid fever,This condition is related to condition related to typhoid fever.
A8007,Condition related to Hepatitis,This condition is related to condition related to hepatitis.
A8469,Condition related to Meningitis,This condition is related to condition related to meningitis.
A2568,Condition related to Meningitis,This condition is related to condition related to meningitis.
A9150,Condition related to Cholera,This condition is related to condition related to cholera.
A1996,Condition related to Typhoid fever,This condition is related to condition related to typhoid fever.
A5396,Condition related to Influenza,This condition is related to condition related to influenza.
A8767,Condition related to Hepatitis,This condition is related to condition related to hepatitis.
A7340,Condition related to Typhoid fever,This condition is related to condition related to typhoid fever.
A4173,Condition related to Typhoid fever,This condition is related to condition related to typhoid fever.
A7346,Condition related to Typhoid fever,This condition is related to condition related to typhoid fever.
A8664,Condition related to Meningitis,This condition is related to condition related to meningitis.
A7337,Condition related to Hepatitis,This condition is related to condition related to hepatitis.
A9242,Condition related to Hepatitis,This condition is related to condition related to hepatitis.
A3001,Condition related to Meningitis,This condition is related to condition related to meningitis.
A1900,Condition related to Typhoid fever,This condition is related to condition related to typhoid fever.
A9260,Condition related to Meningitis,This condition is related to condition related to meningitis.
A6771,Condition related to Meningitis,This condition is related to condition related to meningitis.
A3230,Condition related to Typhoid fever,This condition is related to condition related to typhoid fever.
A7048,Condition related to Typhoid fever,This condition is related to condition related to typhoid fever.
A4901,Condition related to Cholera,This condition is related to condition related to cholera.
A9035,Condition related to Typhoid fever,This condition is related to condition related to typhoid fever.
A5622,Condition related to Cholera,This condition is related to condition related to cholera.
A4263,Condition related to Typhoid fever,This condition is related to condition related to typhoid fever.
A6952,Condition related to Typhoid fever,This condition is related to condition related to typhoid fever.
A4526,Condition related to Hepatitis,This condition is related to condition related to hepatitis.
A2451,Condition related to Influenza,This condition is related to condition related to influenza.
A1580,Condition related to Cholera,This condition is related to condition related to cholera.
A1217,Condition related to Typhoid fever,This condition is related to condition related to typhoid fever.
A7523,Condition related to Hepatitis,This condition is related to condition related to hepatitis.
A5876,Condition related to Influenza,This condition is related to condition related to influenza.
A1747,Condition related to Cholera,This condition is related to condition related to cholera.
A8021,Condition related to Hepatitis,This condition is related to condition related to hepatitis.
A8741,Condition related to Meningitis,This condition is related to condition related to meningitis.
A9240,Condition related to Cholera,This condition is related to condition related to cholera.
A5877,Condition related to Hepatitis,This condition is related to condition related to hepatitis.
A7317,Condition related to Cholera,This condition is related to condition related to cholera.
A6498,Condition related to Meningitis,This condition is related to condition related to meningitis.
A8675,Condition related to Influenza,This condition is related to condition related to influenza.
A9138,Condition related to Cholera,This condition is related to condition related to cholera.
A3174,Condition related to Influenza,This condition is related to condition related to influenza.
A9005,Condition related to Influenza,This condition is related to condition related to influenza.
A2505,Condition related to Typhoid fever,This condition is related to condition related to typhoid fever.
A6605,Condition related to Hepatitis,This condition is related to condition related to hepatitis.
A2598,Condition related to Cholera,This condition is related to condition related to cholera.
A5006,Condition related to Cholera,This condition is related to condition related to cholera.
A4467,Condition related to Hepatitis,This condition is related to condition related to hepatitis.
A6994,Condition related to Hepatitis,This condition is related to condition related to hepatitis.
A8509,Condition related to Typhoid fever,This condition is related to condition related to typhoid fever.
A5219,Condition related to Meningitis,This condition is related to condition related to meningitis.
A7843,Condition related to Meningitis,This condition is related to condition related to meningitis.
A2917,Condition related to Meningitis,This condition is related to condition related to meningitis.
A2365,Condition related to Hepatitis,This condition is related to condition related to hepatitis.
A7141,Condition related to Hepatitis,This condition is related to condition related to hepatitis.
A9263,Condition related to Influenza,This condition is related to condition related to influenza.
A5415,Condition related to Influenza,This condition is related to condition related to influenza.
A4216,Condition related to Hepatitis,This condition is related to condition related to hepatitis.
A7962,Condition related to Typhoid fever,This condition is related to condition related to typhoid fever.
A7085,Condition related to Meningitis,This condition is related to condition related to meningitis.
A1719,Condition related to Typhoid fever,This condition is related to condition related to typhoid fever.
A8376,Condition related to Hepatitis,This condition is related to condition related to hepatitis.
A9339,Condition related to Typhoid fever,This condition is related to condition related to typhoid fever.
A5860,Condition related to Meningitis,This condition is related to condition related to meningitis.
A8651,Condition related to Typhoid fever,This condition is related to condition related to typhoid fever.
A9472,Condition related to Cholera,This condition is related to condition related to cholera.
A6732,Condition related to Meningitis,This condition is related to condition related to meningitis.
A2139,Condition related to Influenza,This condition is related to condition related to influenza.
A8641,Condition related to Influenza,This condition is related to condition related to influenza.
A7246,Condition related to Cholera,This condition is related to condition related to cholera.
A2749,Condition related to Meningitis,This condition is related to condition related to meningitis.
A5510,Condition related to Meningitis,This condition is related to condition related to meningitis.
A1361,Condition related to Typhoid fever,This condition is related to condition related to typhoid fever.
A9447,Condition related to Meningitis,This condition is related to condition related to meningitis.
A2582,Condition related to Typhoid fever,This condition is related to condition related to typhoid fever.
A1207,Condition related to Typhoid fever,This condition is related to condition related to typhoid fever.
A2541,Condition related to Meningitis,This condition is related to condition related to meningitis.
A9666,Condition related to Hepatitis,This condition is related to condition related to hepatitis.
A2121,Condition related to Typhoid fever,This condition is related to condition related to typhoid fever.
A6131,Condition related to Meningitis,This condition is related to condition related to meningitis.
A8614,Condition related to Hepatitis,This condition is related to condition related to hepatitis.
A3708,Condition related to Cholera,This condition is related to condition related to cholera.
A2153,Condition related to Typhoid fever,This condition is related to condition related to typhoid fever.
A3112,Condition related to Typhoid fever,This condition is related to condition related to typhoid fever.
A7390,Condition related to Cholera,This condition is related to condition related to cholera.
A1777,Condition related to Hepatitis,This condition is related to condition related to hepatitis.
A4595,Condition related to Typhoid fever,This condition is related to condition related to typhoid fever.
A4573,Condition related to Meningitis,This condition is related to condition related to meningitis.
A6310,Condition related to Hepatitis,This condition is related to condition related to hepatitis.
A4745,Condition related to Meningitis,This condition is related to condition related to meningitis.
A3189,Condition related to Cholera,This condition is related to condition related to cholera.
A4390,Condition related to Meningitis,This condition is related to condition related to meningitis.
A7536,Condition related to Influenza,This condition is related to condition related to influenza.
A6691,Condition related to Hepatitis,This condition is related to condition related to hepatitis.
A9671,Condition related to Influenza,This condition is related to condition related to influenza.
A2082,Condition related to Typhoid fever,This condition is related to condition related to typhoid fever.
A7980,Condition related to Hepatitis,This condition is related to condition related to hepatitis.
A8126,Condition related to Influenza,This condition is related to condition related to influenza.
A1222,Condition related to Influenza,This condition is related to condition related to influenza.
A1968,Condition related to Hepatitis,This condition is related to condition related to hepatitis.
A5462,Condition related to Typhoid fever,This condition is related to condition related to typhoid fever.
A2508,Condition related to Influenza,This condition is related to condition related to influenza.
A4124,Condition related to Hepatitis,This condition is related to condition related to hepatitis.
A7030,Condition related to Hepatitis,This condition is related to condition related to hepatitis.
A2963,Condition related to Meningitis,This condition is related to condition related to meningitis.
A1627,Condition related to Influenza,This condition is related to condition related to influenza.
A4784,Condition related to Cholera,This condition is related to condition related to cholera.
A6767,Condition related to Influenza,This condition is related to condition related to influenza.
A9715,Condition related to Hepatitis,This condition is related to condition related to hepatitis.
A7638,Condition related to Cholera,This condition is related to condition related to cholera.
A2087,Condition related to Influenza,This condition is related to condition related to influenza.
A3356,Condition related to Typhoid fever,This condition is related to condition related to typhoid fever.
A1625,Condition related to Cholera,This condition is related to condition related to cholera.
A9315,Condition related to Influenza,This condition is related to condition related to influenza.
A6696,Condition related to Hepatitis,This condition is related to condition related to hepatitis.
A7947,Condition related to Hepatitis,This condition is related to condition related to hepatitis.
A2065,Condition related to Cholera,This condition is related to condition related to cholera.
A5643,Condition related to Influenza,This condition is related to condition related to influenza.
A7310,Condition related to Influenza,This condition is related to condition related to influenza.
A6316,Condition related to Meningitis,This condition is related to condition related to meningitis.
A5426,Condition related to Influenza,This condition is related to condition related to influenza.
A3662,Condition related to Hepatitis,This condition is related to condition related to hepatitis.
A2784,Condition related to Meningitis,This condition is related to condition related to meningitis.
A8552,Condition related to Hepatitis,This condition is related to condition related to hepatitis.
A6942,Condition related to Cholera,This condition is related to condition related to cholera.
A4174,Condition related to Influenza,This condition is related to condition related to influenza.
A7690,Condition related to Meningitis,This condition is related to condition related to meningitis.
A1829,Condition related to Hepatitis,This condition is related to condition related to hepatitis.
A7720,Condition related to Hepatitis,This condition is related to condition related to hepatitis.
A7981,Condition related to Cholera,This condition is related to condition related to cholera.
A1308,Condition related to Hepatitis,This condition is related to condition related to hepatitis.
A4648,Condition related to Meningitis,This condition is related to condition related to meningitis.
A4402,Condition related to Typhoid fever,This condition is related to condition related to typhoid fever.
A5982,Condition related to Meningitis,This condition is related to condition related to meningitis.
A6272,Condition related to Influenza,This condition is related to condition related to influenza.
A6720,Condition related to Meningitis,This condition is related to condition related to meningitis.
A6445,Condition related to Cholera,This condition is related to condition related to cholera.
A3067,Condition related to Meningitis,This condition is related to condition related to meningitis.
A7108,Condition related to Typhoid fever,This condition is related to condition related to typhoid fever.
A9925,Condition related to Cholera,This condition is related to condition related to cholera.
A6157,Condition related to Cholera,This condition is related to condition related to cholera.
A8436,Condition related to Typhoid fever,This condition is related to condition related to typhoid fever.
A4071,Condition related to Influenza,This condition is related to condition related to influenza.
A9774,Condition related to Cholera,This condition is related to condition related to cholera.
A3139,Condition related to Typhoid fever,This condition is related to condition related to typhoid fever.
A1699,Condition related to Influenza,This condition is related to condition related to influenza.
A9473,Condition related to Hepatitis,This condition is related to condition related to hepatitis.
A4380,Condition related to Hepatitis,This condition is related to condition related to hepatitis.
A7263,Condition related to Influenza,This condition is related to condition related to influenza.
A7431,Condition related to Typhoid fever,This condition is related to condition related to typhoid fever.
A5095,Condition related to Hepatitis,This condition is related to condition related to hepatitis.
A2447,Condition related to Typhoid fever,This condition is related to condition related to typhoid fever.
A6920,Condition related to Influenza,This condition is related to condition related to influenza.
A7975,Condition related to Hepatitis,This condition is related to condition related to hepatitis.
A2253,Condition related to Meningitis,This condition is related to condition related to meningitis.
A2461,Condition related to Hepatitis,This condition is related to condition related to hepatitis.
A4283,Condition related to Hepatitis,This condition is related to condition related to hepatitis.
A7218,Condition related to Meningitis,This condition is related to condition related to meningitis.
A7325,Condition related to Typhoid fever,This condition is related to condition related to typhoid fever.
A3678,Condition related to Hepatitis,This condition is related to condition related to hepatitis.
A8444,Condition related to Influenza,This condition is related to condition related to influenza.
A7132,Condition related to Cholera,This condition is related to condition related to cholera.
A3573,Condition related to Influenza,This condition is related to condition related to influenza.
A5235,Condition related to Influenza,This condition is related to condition related to influenza.
A5345,Condition related to Typhoid fever,This condition is related to condition related to typhoid fever.
A8741,Condition related to Cholera,This condition is related to condition related to cholera.
A3784,Condition related to Typhoid fever,This condition is related to condition related to typhoid fever.
A1274,Condition related to Typhoid fever,This condition is related to condition related to typhoid fever.
A2819,Condition related to Meningitis,This condition is related to condition related to meningitis.
A9128,Condition related to Cholera,This condition is related to condition related to cholera.
A1929,Condition related to Influenza,This condition is related to condition related to influenza.
A8666,Condition related to Typhoid fever,This condition is related to condition related to typhoid fever.
A4237,Condition related to Hepatitis,This condition is related to condition related to hepatitis.
A9989,Condition related to Influenza,This condition is related to condition related to influenza.
A2332,Condition related to Hepatitis,This condition is related to condition related to hepatitis.
A1696,Condition related to Meningitis,This condition is related to condition related to meningitis.
A9057,Condition related to Cholera,This condition is related to condition related to cholera.
A1575,Condition related to Influenza,This condition is related to condition related to influenza.
A7469,Condition related to Influenza,This condition is related to condition related to influenza.
A8950,Condition related to Hepatitis,This condition is related to condition related to hepatitis.
A2536,Condition related to Hepatitis,This condition is related to condition related to hepatitis.
A2366,Condition related to Typhoid fever,This condition is related to condition related to typhoid fever.
A5711,Condition related to Cholera,This condition is related to condition related to cholera.
A4064,Condition related to Influenza,This condition is related to condition related to influenza.
A6293,Condition related to Cholera,This condition is related to condition related to cholera.
A6178,Condition related to Hepatitis,This condition is related to condition related to hepatitis.
A8527,Condition related to Typhoid fever,This condition is related to condition related to typhoid fever.
A6647,Condition related to Meningitis,This condition is related to condition related to meningitis.
A2430,Condition related to Typhoid fever,This condition is related to condition related to typhoid fever.
A1759,Condition related to Typhoid fever,This condition is related to condition related to typhoid fever.
A9508,Condition related to Meningitis,This condition is related to condition related to meningitis.
A2610,Condition related to Typhoid fever,This condition is related to condition related to typhoid fever.
A6567,Condition related to Cholera,This condition is related to condition related to cholera.
A6359,Condition related to Hepatitis,This condition is related to condition related to hepatitis.
A3164,Condition related to Meningitis,This condition is related to condition related to meningitis.
A1240,Condition related to Cholera,This condition is related to condition related to cholera.
A6366,Condition related to Influenza,This condition is related to condition related to influenza.
A1409,Condition related to Influenza,This condition is related to condition related to influenza.
A4891,Condition related to Typhoid fever,This condition is related to condition related to typhoid fever.
A7480,Condition related to Influenza,This condition is related to condition related to influenza.
A2355,Condition related to Influenza,This condition is related to condition related to influenza.
A9318,Condition related to Cholera,This condition is related to condition related to cholera.
A9220,Condition related to Cholera,This condition is related to condition related to cholera.
A2022,Condition related to Typhoid fever,This condition is related to condition related to typhoid fever.
A2689,Condition related to Typhoid fever,This condition is related to condition related to typhoid fever.
A5820,Condition related to Influenza,This condition is related to condition related to influenza.
A5563,Condition related to Cholera,This condition is related to condition related to cholera.
A5001,Condition related to Influenza,This condition is related to condition related to influenza.
A1975,Condition related to Hepatitis,This condition is related to condition related to hepatitis.
A6698,Condition related to Cholera,This condition is related to condition related to cholera.
A1650,Condition related to Typhoid fever,This condition is related to condition related to typhoid fever.
A6905,Condition related to Cholera,This condition is related to condition related to cholera.
A7405,Condition related to Influenza,This condition is related to condition related to influenza.
A7782,Condition related to Typhoid fever,This condition is related to condition related to typhoid fever.
A1642,Condition related to Influenza,This condition is related to condition related to influenza.
A3848,Condition related to Hepatitis,This condition is related to condition related to hepatitis.
A9287,Condition related to Typhoid fever,This condition is related to condition related to typhoid fever.
A2018,Condition related to Hepatitis,This condition is related to condition related to hepatitis.
A5768,Condition related to Influenza,This condition is related to condition related to influenza.
A3000,Condition related to Meningitis,This condition is related to condition related to meningitis.
A2178,Condition related to Meningitis,This condition is related to condition related to meningitis.
A8389,Condition related to Meningitis,This condition is related to condition related to meningitis.
A6560,Condition related to Typhoid fever,This condition is related to condition related to typhoid fever.
A9170,Condition related to Cholera,This condition is related to condition related to cholera.
A9665,Condition related to Meningitis,This condition is related to condition related to meningitis.
A8754,Condition related to Cholera,This condition is related to condition related to cholera.
A7174,Condition related to Typhoid fever,This condition is related to condition related to typhoid fever.
A7378,Condition related to Meningitis,This condition is related to condition related to meningitis.
A7513,Condition related to Meningitis,This condition is related to condition related to meningitis.
A3909,Condition related to Meningitis,This condition is related to condition related to meningitis.
A6228,Condition related to Cholera,This condition is related to condition related to cholera.
A1067,Condition related to Cholera,This condition is related to condition related to cholera.
A3481,Condition related to Hepatitis,This condition is related to condition related to hepatitis.
A1145,Condition related to Typhoid fever,This condition is related to condition related to typhoid fever.
A8866,Condition related to Cholera,This condition is related to condition related to cholera.
A3823,Condition related to Hepatitis,This condition is related to condition related to hepatitis.
A7459,Condition related to Cholera,This condition is related to condition related to cholera.
A3727,Condition related to Meningitis,This condition is related to condition related to meningitis.
A8515,Condition related to Typhoid fever,This condition is related to condition related to typhoid fever.
A7746,Condition related to Influenza,This condition is related to condition related to influenza.
A6376,Condition related to Hepatitis,This condition is related to condition related to hepatitis.
A8810,Condition related to Hepatitis,This condition is related to condition related to hepatitis.
A1193,Condition related to Cholera,This condition is related to condition related to cholera.
A1793,Condition related to Meningitis,This condition is related to condition related to meningitis.
A7433,Condition related to Meningitis,This condition is related to condition related to meningitis.
A1302,Condition related to Cholera,This condition is related to condition related to cholera.
A8731,Condition related to Hepatitis,This condition is related to condition related to hepatitis.
A9990,Condition related to Hepatitis,This condition is related to condition related to hepatitis.
A5168,Condition related to Influenza,This condition is related to condition related to influenza.
A3989,Condition related to Cholera,This condition is related to condition related to cholera.
A3992,Condition related to Meningitis,This condition is related to condition related to meningitis.
A3429,Condition related to Typhoid fever,This condition is related to condition related to typhoid fever.
A6618,Condition related to Meningitis,This condition is related to condition related to meningitis.
A1355,Condition related to Meningitis,This condition is related to condition related to meningitis.
A8534,Condition related to Typhoid fever,This condition is related to condition related to typhoid fever.
A7998,Condition related to Hepatitis,This condition is related to condition related to hepatitis.
A9001,Condition related to Typhoid fever,This condition is related to condition related to typhoid fever.
A6261,Condition related to Cholera,This condition is related to condition related to cholera.
A2051,Condition related to Influenza,This condition is related to condition related to influenza.
A4797,Condition related to Hepatitis,This condition is related to condition related to hepatitis.
A9570,Condition related to Hepatitis,This condition is related to condition related to hepatitis.
A2874,Condition related to Hepatitis,This condition is related to condition related to hepatitis.
A7434,Condition related to Meningitis,This condition is related to condition related to meningitis.
A6495,Condition related to Cholera,This condition is related to condition related to cholera.
A4352,Condition related to Typhoid fever,This condition is related to condition related to typhoid fever.
A4869,Condition related to Typhoid fever,This condition is related to condition related to typhoid fever.
A2174,Condition related to Hepatitis,This condition is related to condition related to hepatitis.
A2227,Condition related to Influenza,This condition is related to condition related to influenza.
A6014,Condition related to Cholera,This condition is related to condition related to cholera.
A9455,Condition related to Meningitis,This condition is related to condition related to meningitis.
A5396,Condition related to Cholera,This condition is related to condition related to cholera.
A8793,Condition related to Hepatitis,This condition is related to condition related to hepatitis.
A8356,Condition related to Influenza,This condition is related to condition related to influenza.
A3360,Condition related to Hepatitis,This condition is related to condition related to hepatitis.
A2138,Condition related to Influenza,This condition is related to condition related to influenza.
A6931,Condition related to Meningitis,This condition is related to condition related to meningitis.
A7528,Condition related to Typhoid fever,This condition is related to condition related to typhoid fever.
A6687,Condition related to Cholera,This condition is related to condition related to cholera.
A1707,Condition related to Typhoid fever,This condition is related to condition related to typhoid fever.
A6972,Condition related to Typhoid fever,This condition is related to condition related to typhoid fever.
A8240,Condition related to Cholera,This condition is related to condition related to cholera.
A5382,Condition related to Cholera,This condition is related to condition related to cholera.
A5947,Condition related to Influenza,This condition is related to condition related to influenza.
A5742,Condition related to Cholera,This condition is related to condition related to cholera.
A4453,Condition related to Typhoid fever,This condition is related to condition related to typhoid fever.
A2224,Condition related to Typhoid fever,This condition is related to condition related to typhoid fever.
A4196,Condition related to Cholera,This condition is related to condition related to cholera.
A3664,Condition related to Meningitis,This condition is related to condition related to meningitis.
A7747,Condition related to Hepatitis,This condition is related to condition related to hepatitis.
A6928,Condition related to Cholera,This condition is related to condition related to cholera.
A2154,Condition related to Meningitis,This condition is related to condition related to meningitis.
A6329,Condition related to Cholera,This condition is related to condition related to cholera.
A4550,Condition related to Typhoid fever,This condition is related to condition related to typhoid fever.
A9342,Condition related to Cholera,This condition is related to condition related to cholera.
A5661,Condition related to Hepatitis,This condition is related to condition related to hepatitis.
A7658,Condition related to Typhoid fever,This condition is related to condition related to typhoid fever.
A3566,Condition related to Influenza,This condition is related to condition related to influenza.
A8717,Condition related to Typhoid fever,This condition is related to condition related to typhoid fever.
A3614,Condition related to Meningitis,This condition is related to condition related to meningitis.
A7176,Condition related to Hepatitis,This condition is related to condition related to hepatitis.
A3072,Condition related to Meningitis,This condition is related to condition related to meningitis.
A6781,Condition related to Hepatitis,This condition is related to condition related to hepatitis.
A9668,Condition related to Cholera,This condition is related to condition related to cholera.
A6296,Condition related to Meningitis,This condition is related to condition related to meningitis.
A7293,Condition related to Influenza,This condition is related to condition related to influenza.
A3594,Condition related to Typhoid fever,This condition is related to condition related to typhoid fever.
A7363,Condition related to Meningitis,This condition is related to condition related to meningitis.
A6373,Condition related to Typhoid fever,This condition is related to condition related to typhoid fever.
A1502,Condition related to Influenza,This condition is related to condition related to influenza.
A9225,Condition related to Hepatitis,This condition is related to condition related to hepatitis.
A8829,Condition related to Hepatitis,This condition is related to condition related to hepatitis.
A8167,Condition related to Influenza,This condition is related to condition related to influenza.
A6243,Condition related to Cholera,This condition is related to condition related to cholera.
A4425,Condition related to Typhoid fever,This condition is related to condition related to typhoid fever.
A7513,Condition related to Hepatitis,This condition is related to condition related to hepatitis.
A9307,Condition related to Cholera,This condition is related to condition related to cholera.
A6331,Condition related to Hepatitis,This condition is related to condition related to hepatitis.
A6966,Condition related to Meningitis,This condition is related to condition related to meningitis.
A6997,Condition related to Typhoid fever,This condition is related to condition related to typhoid fever.
A6970,Condition related to Meningitis,This condition is related to condition related to meningitis.
A5516,Condition related to Cholera,This condition is related to condition related to cholera.
A9755,Condition related to Hepatitis,This condition is related to condition related to hepatitis.
A8562,Condition related to Hepatitis,This condition is related to condition related to hepatitis.
A5509,Condition related to Hepatitis,This condition is related to condition related to hepatitis.
A8846,Condition related to Influenza,This condition is related to condition related to influenza.
A6974,Condition related to Cholera,This condition is related to condition related to cholera.
A8077,Condition related to Influenza,This condition is related to condition related to influenza.
A5993,Condition related to Cholera,This condition is related to condition related to cholera.
A9038,Condition related to Influenza,This condition is related to condition related to influenza.
A7240,Condition related to Influenza,This condition is related to condition related to influenza.
A7326,Condition related to Meningitis,This condition is related to condition related to meningitis.
A2198,Condition related to Typhoid fever,This condition is related to condition related to typhoid fever.
A7954,Condition related to Influenza,This condition is related to condition related to influenza.
A9511,Condition related to Cholera,This condition is related to condition related to cholera.
A6600,Condition related to Meningitis,This condition is related to condition related to meningitis.
A1437,Condition related to Hepatitis,This condition is related to condition related to hepatitis.
A9970,Condition related to Typhoid fever,This condition is related to condition related to typhoid fever.
A4324,Condition related to Influenza,This condition is related to condition related to influenza.
A3479,Condition related to Hepatitis,This condition is related to condition related to hepatitis.
A4313,Condition related to Hepatitis,This condition is related to condition related to hepatitis.
A7534,Condition related to Cholera,This condition is related to condition related to cholera.
A8232,Condition related to Typhoid fever,This condition is related to condition related to typhoid fever.
A3684,Condition related to Typhoid fever,This condition is related to condition related to typhoid fever.
A6742,Condition related to Hepatitis,This condition is related to condition related to hepatitis.
A9687,Condition related to Cholera,This condition is related to condition related to cholera.
A2921,Condition related to Influenza,This condition is related to condition related to influenza.
A6554,Condition related to Hepatitis,This condition is related to condition related to hepatitis.
A7751,Condition related to Hepatitis,This condition is related to condition related to hepatitis.
A2657,Condition related to Cholera,This condition is related to condition related to cholera.
A4769,Condition related to Influenza,This condition is related to condition related to influenza.
A3236,Condition related to Influenza,This condition is related to condition related to influenza.
A7748,Condition related to Influenza,This condition is related to condition related to influenza.
A1700,Condition related to Typhoid fever,This condition is related to condition related to typhoid fever.
A9473,Condition related to Meningitis,This condition is related to condition related to meningitis.
A7618,Condition related to Influenza,This condition is related to condition related to influenza.
A6907,Condition related to Cholera,This condition is related to condition related to cholera.
A1963,Condition related to Hepatitis,This condition is related to condition related to hepatitis.
A7023,Condition related to Hepatitis,This condition is related to condition related to hepatitis.
A3700,Condition related to Hepatitis,This condition is related to condition related to hepatitis.
A7578,Condition related to Cholera,This condition is related to condition related to cholera.
A7886,Condition related to Meningitis,This condition is related to condition related to meningitis.
A5999,Condition related to Influenza,This condition is related to condition related to influenza.
A6856,Condition related to Hepatitis,This condition is related to condition related to hepatitis.
A1490,Condition related to Cholera,This condition is related to condition related to cholera.
A4879,Condition related to Meningitis,This condition is related to condition related to meningitis.
A3760,Condition related to Cholera,This condition is related to condition related to cholera.
A5280,Condition related to Hepatitis,This condition is related to condition related to hepatitis.
A9806,Condition related to Hepatitis,This condition is related to condition related to hepatitis.
A5516,Condition related to Typhoid fever,This condition is related to condition related to typhoid fever.
A2397,Condition related to Cholera,This condition is related to condition related to cholera.
A9475,Condition related to Typhoid fever,This condition is related to condition related to typhoid fever.
A1719,Condition related to Influenza,This condition is related to condition related to influenza.
A5989,Condition related to Influenza,This condition is related to condition related to influenza.
A3958,Condition related to Meningitis,This condition is related to condition related to meningitis.
A3339,Condition related to Hepatitis,This condition is related to condition related to hepatitis.
A9038,Condition related to Hepatitis,This condition is related to condition related to hepatitis.
A7304,Condition related to Meningitis,This condition is related to condition related to meningitis.
A9520,Condition related to Influenza,This condition is related to condition related to influenza.
A6278,Condition related to Influenza,This condition is related to condition related to influenza.
A4330,Condition related to Meningitis,This condition is related to condition related to meningitis.
A2716,Condition related to Meningitis,This condition is related to condition related to meningitis.
A1496,Condition related to Typhoid fever,This condition is related to condition related to typhoid fever.
A2663,Condition related to Meningitis,This condition is related to condition related to meningitis.
A8016,Condition related to Meningitis,This condition is related to condition related to meningitis.
A5441,Condition related to Hepatitis,This condition is related to condition related to hepatitis.
A2164,Condition related to Hepatitis,This condition is related to condition related to hepatitis.
A6238,Condition related to Cholera,This condition is related to condition related to cholera.
A6359,Condition related to Meningitis,This condition is related to condition related to meningitis.
A4827,Condition related to Hepatitis,This condition is related to condition related to hepatitis.
A4307,Condition related to Typhoid fever,This condition is related to condition related to typhoid fever.
A9533,Condition related to Typhoid fever,This condition is related to condition related to typhoid fever.
A3300,Condition related to Cholera,This condition is related to condition related to cholera.
A3939,Condition related to Meningitis,This condition is related to condition related to meningitis.
A3637,Condition related to Typhoid fever,This condition is related to condition related to typhoid fever.
A5930,Condition related to Cholera,This condition is related to condition related to cholera.
A5665,Condition related to Influenza,This condition is related to condition related to influenza.
A1692,Condition related to Hepatitis,This condition is related to condition related to hepatitis.
A2669,Condition related to Meningitis,This condition is related to condition related to meningitis.
A5427,Condition related to Typhoid fever,This condition is related to condition related to typhoid fever.
A5924,Condition related to Hepatitis,This condition is related to condition related to hepatitis.
A2067,Condition related to Cholera,This condition is related to condition related to cholera.
A2319,Condition related to Meningitis,This condition is related to condition related to meningitis.
A4139,Condition related to Hepatitis,This condition is related to condition related to hepatitis.
A5502,Condition related to Typhoid fever,This condition is related to condition related to typhoid fever.
A1330,Condition related to Meningitis,This condition is related to condition related to meningitis.
A4712,Condition related to Cholera,This condition is related to condition related to cholera.
A6357,Condition related to Hepatitis,This condition is related to condition related to hepatitis.
A5185,Condition related to Cholera,This condition is related to condition related to cholera.
A9766,Condition related to Cholera,This condition is related to condition related to cholera.
A1207,Condition related to Hepatitis,This condition is related to condition related to hepatitis.
A4347,Condition related to Meningitis,This condition is related to condition related to meningitis.
A5052,Condition related to Meningitis,This condition is related to condition related to meningitis.
A2460,Condition related to Typhoid fever,This condition is related to condition related to typhoid fever.
A6471,Condition related to Meningitis,This condition is related to condition related to meningitis.
A1530,Condition related to Cholera,This condition is related to condition related to cholera.
A7808,Condition related to Cholera,This condition is related to condition related to cholera.
A3191,Condition related to Meningitis,This condition is related to condition related to meningitis.
A7375,Condition related to Typhoid fever,This condition is related to condition related to typhoid fever.
A1983,Condition related to Typhoid fever,This condition is related to condition related to typhoid fever.
A7393,Condition related to Meningitis,This condition is related to condition related to meningitis.
A1193,Condition related to Typhoid fever,This condition is related to condition related to typhoid fever.
A8224,Condition related to Typhoid fever,This condition is related to condition related to typhoid fever.
A1326,Condition related to Cholera,This condition is related to condition related to cholera.
A6968,Condition related to Hepatitis,This condition is related to condition related to hepatitis.
A2263,Condition related to Typhoid fever,This condition is related to condition related to typhoid fever.
A4465,Condition related to Hepatitis,This condition is related to condition related to hepatitis.
A7073,Condition related to Hepatitis,This condition is related to condition related to hepatitis.
A1235,Condition related to Meningitis,This condition is related to condition related to meningitis.
A8591,Condition related to Influenza,This condition is related to condition related to influenza.
A1476,Condition related to Cholera,This condition is related to condition related to cholera.
A9498,Condition related to Meningitis,This condition is related to condition related to meningitis.
A5410,Condition related to Hepatitis,This condition is related to condition related to hepatitis.
A4163,Condition related to Influenza,This condition is related to condition related to influenza.
A2512,Condition related to Influenza,This condition is related to condition related to influenza.
A2324,Condition related to Typhoid fever,This condition is related to condition related to typhoid fever.
A3553,Condition related to Meningitis,This condition is related to condition related to meningitis.
A2143,Condition related to Cholera,This condition is related to condition related to cholera.
A6000,Condition related to Influenza,This condition is related to condition related to influenza.
A3881,Condition related to Influenza,This condition is related to condition related to influenza.
A6114,Condition related to Typhoid fever,This condition is related to condition related to typhoid fever.
A2586,Condition related to Cholera,This condition is related to condition related to cholera.
A7102,Condition related to Influenza,This condition is related to condition related to influenza.
A7335,Condition related to Influenza,This condition is related to condition related to influenza.
A4739,Condition related to Hepatitis,This condition is related to condition related to hepatitis.
A8913,Condition related to Hepatitis,This condition is related to condition related to hepatitis.
A1576,Condition related to Meningitis,This condition is related to condition related to meningitis.
A8687,Condition related to Typhoid fever,This condition is related to condition related to typhoid fever.
A2044,Condition related to Meningitis,This condition is related to condition related to meningitis.
A8482,Condition related to Typhoid fever,This condition is related to condition related to typhoid fever.
A7295,Condition related to Hepatitis,This condition is related to condition related to hepatitis.
A5269,Condition related to Typhoid fever,This condition is related to condition related to typhoid fever.
A8305,Condition related to Meningitis,This condition is related to condition related to meningitis.
A3608,Condition related to Hepatitis,This condition is related to condition related to hepatitis.
A8608,Condition related to Influenza,This condition is related to condition related to influenza.
A5020,Condition related to Influenza,This condition is related to condition related to influenza.
A6786,Condition related to Meningitis,This condition is related to condition related to meningitis.
A4944,Condition related to Influenza,This condition is related to condition related to influenza.
A1597,Condition related to Typhoid fever,This condition is related to condition related to typhoid fever.
A6835,Condition related to Cholera,This condition is related to condition related to cholera.
A1440,Condition related to Cholera,This condition is related to condition related to cholera.
